{"px0": 254.6801777780056, "py0": 23.28998674498871, "px1": 1093.5409777779132, "py1": 589.4978742892854, "shape": [768, 1280]}